{"cameraMode":{"drawMode":0,"name":"Shaded","section":"Shading Mode"},"sceneLighting":true,"audioPlay":false,"sceneViewState":{"m_AlwaysRefresh":false,"showFog":true,"showSkybox":true,"showFlares":true,"showImageEffects":true,"showParticleSystems":true,"showVisualEffectGraphs":true,"m_FxEnabled":false},"in2DMode":false,"pivot":{"x":7.75960111618042,"y":-2.8084864616394045,"z":16.505765914916993},"rotation":{"x":0.12855929136276246,"y":0.07819987833499909,"z":-0.010117772035300732,"w":0.9886152148246765},"size":10.560118675231934,"orthographic":false}