{"cameraMode":{"drawMode":0,"name":"Shaded","section":"Shading Mode"},"sceneLighting":true,"audioPlay":false,"sceneViewState":{"m_AlwaysRefresh":false,"showFog":true,"showSkybox":true,"showFlares":true,"showImageEffects":true,"showParticleSystems":true,"showVisualEffectGraphs":true,"m_FxEnabled":false},"in2DMode":false,"pivot":{"x":-1.0234891176223755,"y":1.9031424522399903,"z":19.02016258239746},"rotation":{"x":0.029829127714037896,"y":0.1763009876012802,"z":-0.005357082933187485,"w":0.9839129447937012},"size":1.4144824743270875,"orthographic":false}