{"cameraMode":{"drawMode":0,"name":"Shaded","section":"Shading Mode"},"sceneLighting":true,"audioPlay":false,"sceneViewState":{"m_AlwaysRefresh":false,"showFog":true,"showSkybox":true,"showFlares":true,"showImageEffects":true,"showParticleSystems":true,"showVisualEffectGraphs":true,"m_FxEnabled":false},"in2DMode":false,"pivot":{"x":-21.415964126586915,"y":3.149501323699951,"z":10.201748847961426},"rotation":{"x":0.00507628358900547,"y":0.4516308307647705,"z":0.0025710712652653457,"w":-0.8921936750411987},"size":13.376248359680176,"orthographic":false}